City,Country,Date,Lat,Lng,Max Temp,Humidity,Cloudiness,Wind Speed,Current Description,Rain Inches (last 3 hrs),Snow Inches (last 3 hrs)
Cherskiy,RU,2020-04-19 20:58:16,68.75,161.3,4.64,93,100,6.87,light snow,0.0,0.13
Punta Arenas,CL,2020-04-19 20:53:57,-53.15,-70.92,44.6,65,40,31.09,scattered clouds,0.0,0.0
Katsuura,JP,2020-04-19 20:58:17,35.13,140.3,57.52,76,100,10.04,light rain,0.19,0.0
Mabaruma,GY,2020-04-19 20:58:17,8.2,-59.78,81.54,75,33,8.97,light rain,1.06,0.0
Richards Bay,ZA,2020-04-19 20:58:18,-28.78,32.04,69.13,77,0,9.6,clear sky,0.0,0.0
Ushuaia,AR,2020-04-19 20:56:06,-54.8,-68.3,42.8,81,75,27.51,heavy intensity drizzle,0.0,0.0
Vaini,TO,2020-04-19 20:58:19,-21.2,-175.2,80.6,78,20,8.05,few clouds,0.0,0.0
Hilo,US,2020-04-19 20:58:12,19.73,-155.09,78.8,57,1,11.41,clear sky,0.0,0.0
Quelimane,MZ,2020-04-19 20:58:21,-17.88,36.89,73.4,88,75,10.29,moderate rain,0.0,0.0
Gewane,ET,2020-04-19 20:58:21,10.17,40.65,79.45,53,40,3.6,scattered clouds,0.0,0.0
Bluff,NZ,2020-04-19 20:58:22,-46.6,168.33,46.0,81,85,4.0,light rain,0.13,0.0
Tuktoyaktuk,CA,2020-04-19 20:58:22,69.45,-133.04,8.6,84,90,11.41,light snow,0.0,0.0
Albany,US,2020-04-19 20:58:23,42.6,-73.97,63.0,28,81,9.28,broken clouds,0.0,0.0
Rabo De Peixe,PT,2020-04-19 20:58:24,37.8,-25.58,57.2,67,20,17.22,few clouds,0.0,0.0
Darhan,MN,2020-04-19 20:58:25,49.49,105.92,26.64,74,7,7.36,clear sky,0.0,0.0
Atuona,PF,2020-04-19 20:58:26,-9.8,-139.03,82.96,74,48,16.98,scattered clouds,0.0,0.0
Mataura,NZ,2020-04-19 20:58:26,-46.19,168.86,46.0,81,95,4.0,overcast clouds,0.0,0.0
Pevek,RU,2020-04-19 20:58:27,69.7,170.31,6.69,94,100,5.68,light snow,0.0,0.17
Hermanus,ZA,2020-04-19 20:56:25,-34.42,19.23,59.0,95,73,12.01,broken clouds,0.0,0.0
Sao Filipe,CV,2020-04-19 20:58:29,14.9,-24.5,72.19,75,0,19.3,clear sky,0.0,0.0
Aswan,EG,2020-04-19 20:58:29,24.09,32.91,74.32,25,0,10.96,clear sky,0.0,0.0
Port Alfred,ZA,2020-04-19 20:58:30,-33.59,26.89,79.66,45,26,12.66,scattered clouds,0.0,0.0
Roma,US,2020-04-19 20:57:05,43.21,-75.46,46.4,81,90,11.41,moderate rain,0.0,0.0
Rikitea,PF,2020-04-19 20:58:31,-23.12,-134.97,76.87,68,100,6.96,overcast clouds,0.0,0.0
Lata,PT,2020-04-19 20:58:32,40.16,-8.33,55.99,84,21,4.36,few clouds,0.0,0.0
Zhigansk,RU,2020-04-19 20:58:33,66.77,123.37,12.87,93,100,9.15,overcast clouds,0.0,0.0
Kapaa,US,2020-04-19 20:58:34,22.08,-159.32,78.8,65,75,9.17,broken clouds,0.0,0.0
Hope,US,2020-04-19 20:58:35,33.67,-93.59,75.34,68,70,1.03,light rain,2.94,0.0
Saint George,US,2020-04-19 20:58:35,37.1,-113.58,69.8,32,1,8.05,clear sky,0.0,0.0
Saint-Francois,FR,2020-04-19 20:54:47,46.42,3.91,59.0,87,100,2.19,overcast clouds,0.0,0.0
Tabou,CI,2020-04-19 20:58:37,4.42,-7.35,81.32,84,98,7.16,light rain,0.27,0.0
Ambagarh Chauki,IN,2020-04-19 20:58:38,20.78,80.72,80.31,41,23,5.32,few clouds,0.0,0.0
Khatanga,RU,2020-04-19 20:58:38,71.97,102.5,18.54,94,56,4.68,broken clouds,0.0,0.0
Rey Bouba,CM,2020-04-19 20:58:39,8.67,14.18,91.58,25,49,3.38,scattered clouds,0.0,0.0
Ziyang,CN,2020-04-19 20:58:40,29.25,117.85,54.36,85,13,2.77,few clouds,0.0,0.0
Bethel,US,2020-04-19 20:54:26,41.37,-73.41,61.0,47,1,20.8,clear sky,0.0,0.0
Sao Joao Da Barra,BR,2020-04-19 20:55:03,-21.64,-41.05,77.0,65,68,11.41,broken clouds,0.0,0.0
Hobart,AU,2020-04-19 20:55:41,-42.88,147.33,51.8,87,75,6.93,light intensity shower rain,0.0,0.0
Nome,US,2020-04-19 20:58:34,64.5,-165.41,39.0,93,90,1.99,overcast clouds,0.0,0.0
Chuy,UY,2020-04-19 20:58:44,-33.7,-53.46,67.73,78,4,8.21,clear sky,0.0,0.0
Karakulino,RU,2020-04-19 20:58:44,56.01,53.71,38.73,71,74,2.62,broken clouds,0.0,0.0
Sabzevar,IR,2020-04-19 20:58:31,36.21,57.68,62.46,37,0,0.2,clear sky,0.0,0.0
Bengkulu,ID,2020-04-19 20:58:46,-3.8,102.27,77.49,84,100,3.58,light rain,0.23,0.0
Moyo,UG,2020-04-19 20:58:46,3.66,31.72,65.93,74,100,0.22,overcast clouds,0.0,0.0
Dikson,RU,2020-04-19 20:54:53,73.51,80.55,34.93,89,95,29.04,overcast clouds,0.0,0.0
Nyuksenitsa,RU,2020-04-19 20:58:48,60.41,44.24,28.8,96,0,2.26,clear sky,0.0,0.0
Hithadhoo,MV,2020-04-19 20:58:49,-0.6,73.08,84.72,76,88,10.49,overcast clouds,0.0,0.0
Barrow,US,2020-04-19 20:58:50,71.29,-156.79,12.2,85,90,3.36,light snow,0.0,0.0
Busselton,AU,2020-04-19 20:58:50,-33.65,115.33,55.0,61,79,17.05,broken clouds,0.0,0.0
Sant Feliu De Guixols,ES,2020-04-19 20:58:51,41.78,3.03,60.01,50,100,10.27,light rain,0.18,0.0
Huilong,CN,2020-04-19 20:58:52,31.81,121.66,55.0,93,98,8.16,overcast clouds,0.0,0.0
Miyako,JP,2020-04-19 20:58:52,39.64,141.95,46.69,90,100,10.38,light rain,0.19,0.0
Puerto Ayora,EC,2020-04-19 20:58:53,-0.74,-90.35,86.0,70,40,16.11,shower rain,0.0,0.0
Severo-Kurilsk,RU,2020-04-19 20:58:54,50.68,156.12,29.23,91,83,11.56,broken clouds,0.0,0.0
Yellowknife,CA,2020-04-19 20:58:54,62.46,-114.35,26.6,63,75,18.34,broken clouds,0.0,0.0
Canar,EC,2020-04-19 20:58:55,-2.55,-78.93,60.8,72,75,2.24,shower rain,0.0,0.0
Kiama,AU,2020-04-19 20:58:56,-34.68,150.87,57.2,71,90,8.05,light rain,0.0,0.0
Lebu,CL,2020-04-19 20:58:57,-37.62,-73.65,58.77,67,100,10.25,overcast clouds,0.0,0.0
Itarema,BR,2020-04-19 20:58:58,-2.92,-39.92,79.09,84,1,5.86,light rain,1.19,0.0
Uruzgan,AF,2020-04-19 20:58:58,32.83,66.0,49.5,41,21,0.89,few clouds,0.0,0.0
Constantine,DZ,2020-04-19 20:54:25,36.37,6.61,60.8,77,75,2.24,broken clouds,0.0,0.0
Nuuk,GL,2020-04-19 20:59:00,64.18,-51.72,32.0,91,72,36.91,light shower snow,0.0,0.0
Taltal,CL,2020-04-19 20:59:00,-25.4,-70.48,68.9,61,0,4.23,clear sky,0.0,0.0
Leningradskiy,RU,2020-04-19 20:55:57,69.38,178.42,10.92,92,95,7.92,overcast clouds,0.0,0.0
Rochegda,RU,2020-04-19 20:59:02,62.8,43.25,30.74,98,100,3.36,overcast clouds,0.0,0.0
Tautira,PF,2020-04-19 20:59:03,-17.73,-149.15,87.8,70,100,6.93,light rain,0.26,0.0
Paamiut,GL,2020-04-19 20:59:03,61.99,-49.67,28.9,91,7,16.51,clear sky,0.0,0.0
Oussouye,SN,2020-04-19 20:59:04,12.48,-16.55,82.4,61,49,6.93,scattered clouds,0.0,0.0
Batsfjord,NO,2020-04-19 20:59:05,70.63,29.72,35.6,88,75,25.28,light intensity drizzle,0.0,0.0
Butaritari,KI,2020-04-19 20:59:05,3.07,172.79,83.1,76,28,10.04,light rain,0.37,0.0
Saldanha,ZA,2020-04-19 20:59:06,-33.01,17.94,60.8,77,4,9.17,clear sky,0.0,0.0
Road Town,VG,2020-04-19 20:56:16,18.42,-64.62,82.99,76,18,8.99,few clouds,0.0,0.0
Vallenar,CL,2020-04-19 20:59:07,-28.57,-70.76,75.42,38,0,7.81,clear sky,0.0,0.0
Cape Town,ZA,2020-04-19 20:54:54,-33.93,18.42,63.0,82,75,19.46,broken clouds,0.0,0.0
Mar Del Plata,AR,2020-04-19 20:57:40,-38.0,-57.56,75.2,60,19,11.41,few clouds,0.0,0.0
Nova Olinda Do Norte,BR,2020-04-19 20:59:10,-3.89,-59.09,76.19,95,100,3.85,moderate rain,5.57,0.0
Carnarvon,AU,2020-04-19 20:59:10,-24.87,113.63,71.6,88,65,11.41,broken clouds,0.0,0.0
Thompson,CA,2020-04-19 20:59:11,55.74,-97.86,23.0,79,90,6.93,light snow,0.0,0.0
Caravelas,BR,2020-04-19 20:55:11,-17.71,-39.25,76.26,76,76,17.02,broken clouds,0.0,0.0
Norman Wells,CA,2020-04-19 20:59:12,65.28,-126.83,28.4,63,90,10.29,overcast clouds,0.0,0.0
Qaanaaq,GL,2020-04-19 20:59:13,77.48,-69.36,19.06,85,76,9.19,broken clouds,0.0,0.0
Mahebourg,MU,2020-04-19 20:59:14,-20.41,57.7,75.99,88,75,6.93,shower rain,0.0,0.0
Cibitoke,BI,2020-04-19 20:59:14,-2.88,29.25,63.57,56,73,1.05,broken clouds,0.0,0.0
Mizdah,LY,2020-04-19 20:59:15,31.45,12.98,74.35,22,100,20.67,overcast clouds,0.0,0.0
Pecanha,BR,2020-04-19 20:59:16,-18.55,-42.56,64.2,79,58,2.51,light rain,0.48,0.0
Tasiilaq,GL,2020-04-19 20:59:16,65.61,-37.64,33.8,69,100,4.7,overcast clouds,0.0,0.0
Vilhena,BR,2020-04-19 20:58:09,-12.74,-60.15,78.8,74,40,8.05,scattered clouds,0.0,0.0
Igrim,RU,2020-04-19 20:59:18,63.19,64.42,32.92,93,37,7.7,scattered clouds,0.0,0.0
Mackay,AU,2020-04-19 20:59:19,-21.15,149.2,77.0,94,40,2.24,scattered clouds,0.0,0.0
Tilichiki,RU,2020-04-19 20:59:19,60.47,166.1,12.72,90,81,13.67,broken clouds,0.0,0.0
Orange,US,2020-04-19 20:59:02,33.7,-117.77,68.0,52,75,11.41,broken clouds,0.0,0.0
Ilulissat,GL,2020-04-19 20:59:21,69.22,-51.1,28.4,58,100,21.92,overcast clouds,0.0,0.0
Jaguaruana,BR,2020-04-19 20:59:21,-4.83,-37.78,86.0,70,75,10.29,broken clouds,0.0,0.0
New Norfolk,AU,2020-04-19 20:55:53,-42.78,147.06,48.99,88,100,5.37,light rain,0.0,0.0
Beringovskiy,RU,2020-04-19 20:59:23,63.05,179.32,18.32,96,100,16.44,light snow,0.0,0.32
Castro,BR,2020-04-19 20:59:24,-24.79,-50.01,62.6,56,33,3.02,scattered clouds,0.0,0.0
Olinda,BR,2020-04-19 20:59:25,-8.01,-34.86,82.4,78,40,10.29,scattered clouds,0.0,0.0
Mus,TR,2020-04-19 20:59:25,39.0,41.75,45.61,49,10,2.26,clear sky,0.0,0.0
Rosetta,EG,2020-04-19 20:59:26,31.4,30.42,64.4,72,9,9.17,clear sky,0.0,0.0
Varnamo,SE,2020-04-19 20:59:27,57.19,14.04,44.6,48,0,6.93,clear sky,0.0,0.0
Salalah,OM,2020-04-19 20:59:28,17.02,54.09,82.4,69,20,4.7,few clouds,0.0,0.0
Ribeira Grande,PT,2020-04-19 20:59:28,38.52,-28.7,59.0,51,20,13.87,few clouds,0.0,0.0
Jamestown,US,2020-04-19 20:59:29,42.1,-79.24,50.0,61,90,16.11,overcast clouds,0.0,0.0
Mehamn,NO,2020-04-19 20:59:30,71.04,27.85,39.2,86,75,20.8,broken clouds,0.0,0.0
Arraial Do Cabo,BR,2020-04-19 20:59:31,-22.97,-42.03,75.2,69,40,8.05,scattered clouds,0.0,0.0
Cockburn Town,TC,2020-04-19 20:59:32,21.46,-71.14,82.4,65,40,11.41,scattered clouds,0.0,0.0
Phalaborwa,ZA,2020-04-19 20:59:32,-23.94,31.14,64.4,93,0,3.36,clear sky,0.0,0.0
Hasaki,JP,2020-04-19 20:59:33,35.73,140.83,48.2,87,75,11.41,light rain,0.0,0.0
Yeniseysk,RU,2020-04-19 20:59:34,58.45,92.17,32.7,81,36,8.79,scattered clouds,0.0,0.0
Ranong,TH,2020-04-19 20:59:35,9.97,98.63,80.22,81,71,4.72,broken clouds,0.0,0.0
Buala,SB,2020-04-19 20:59:35,-8.14,159.59,82.81,77,54,4.05,light rain,0.26,0.0
Chapais,CA,2020-04-19 20:59:36,49.78,-74.85,23.0,57,90,11.41,overcast clouds,0.0,0.0
Kodiak,US,2020-04-19 20:59:36,57.79,-152.41,48.2,70,90,5.82,overcast clouds,0.0,0.0
Caracuaro,MX,2020-04-19 20:59:37,19.01,-101.13,103.71,16,0,6.78,clear sky,0.0,0.0
Provideniya,RU,2020-04-19 20:59:38,64.38,-173.3,20.86,95,100,15.19,light snow,0.0,0.56
Airai,TL,2020-04-19 20:59:39,-8.93,125.41,59.32,59,0,2.3,clear sky,0.0,0.0
Saint-Pierre,RE,2020-04-19 20:59:39,-21.34,55.48,75.2,69,75,18.34,broken clouds,0.0,0.0
Cranbrook,CA,2020-04-19 20:56:52,49.5,-115.77,51.8,50,75,3.0,broken clouds,0.0,0.0
Progreso,MX,2020-04-19 20:54:45,21.28,-89.67,102.99,26,40,16.11,scattered clouds,0.0,0.0
Half Moon Bay,US,2020-04-19 20:59:42,37.46,-122.43,66.0,76,90,6.93,overcast clouds,0.0,0.0
Dongsheng,CN,2020-04-19 20:59:42,39.82,109.98,33.28,40,0,16.2,clear sky,0.0,0.0
Banda Aceh,ID,2020-04-19 20:59:43,5.56,95.32,79.56,82,82,4.97,broken clouds,0.0,0.0
Port Blair,IN,2020-04-19 20:59:44,11.67,92.75,83.35,76,6,4.81,clear sky,0.0,0.0
Zonguldak,TR,2020-04-19 20:58:42,41.25,31.83,54.84,56,91,4.88,overcast clouds,0.0,0.0
Tateyama,JP,2020-04-19 20:59:45,34.98,139.87,56.39,80,100,10.89,light rain,0.37,0.0
Esperance,AU,2020-04-19 20:59:46,-33.87,121.9,50.0,93,0,6.93,clear sky,0.0,0.0
Port Elizabeth,ZA,2020-04-19 20:58:33,-33.92,25.57,68.0,82,59,2.24,broken clouds,0.0,0.0
Vila Franca Do Campo,PT,2020-04-19 20:59:47,37.72,-25.43,57.2,67,20,17.22,few clouds,0.0,0.0
Souillac,MU,2020-04-19 20:59:48,-20.52,57.52,75.99,88,75,6.93,shower rain,0.0,0.0
Tiksi,RU,2020-04-19 20:59:49,71.69,128.87,10.42,89,100,6.31,overcast clouds,0.0,0.0
Bredasdorp,ZA,2020-04-19 20:59:50,-34.53,20.04,60.8,87,9,5.82,clear sky,0.0,0.0
Ranghulu,CN,2020-04-19 20:59:50,46.65,124.87,42.93,82,100,6.22,moderate rain,5.1,0.0
Kruisfontein,ZA,2020-04-19 20:59:51,-34.0,24.73,67.55,50,40,8.79,scattered clouds,0.0,0.0
Exeter,GB,2020-04-19 20:56:55,50.72,-3.53,53.01,72,100,10.47,overcast clouds,0.0,0.0
Swift Current,CA,2020-04-19 20:55:07,50.28,-107.8,51.8,29,1,18.34,clear sky,0.0,0.0
Northam,GB,2020-04-19 20:59:53,51.03,-4.22,55.0,72,90,1.01,overcast clouds,0.0,0.0
Bajah,YE,2020-04-19 20:59:54,13.81,44.63,74.01,49,98,4.0,light rain,1.09,0.0
Lubbock,US,2020-04-19 20:57:26,33.6,-101.83,78.01,12,20,12.75,few clouds,0.0,0.0
Keti Bandar,PK,2020-04-19 20:59:55,24.14,67.45,79.03,82,80,14.12,broken clouds,0.0,0.0
Avarua,CK,2020-04-19 20:59:56,-21.21,-159.78,82.4,69,2,9.17,light rain,0.14,0.0
Farafangana,MG,2020-04-19 20:59:56,-22.82,47.83,74.61,83,19,9.17,light rain,1.75,0.0
Kavaratti,IN,2020-04-19 20:59:56,10.57,72.64,85.24,68,13,3.38,few clouds,0.0,0.0
Corovode,AL,2020-04-19 20:59:57,40.5,20.23,58.89,57,74,1.3,broken clouds,0.0,0.0
Chuguyevka,RU,2020-04-19 20:59:58,44.17,133.86,40.71,66,100,4.59,overcast clouds,0.0,0.0
Kavieng,PG,2020-04-19 20:59:58,-2.57,150.8,83.59,74,71,5.12,broken clouds,0.0,0.0
Newport,GB,2020-04-19 20:59:41,51.59,-3.0,53.01,69,16,1.99,few clouds,0.0,0.0
Tres Palos,MX,2020-04-19 21:00:00,18.18,-101.62,87.8,62,5,10.29,clear sky,0.0,0.0
Te Anau,NZ,2020-04-19 21:00:01,-45.42,167.72,47.3,64,53,6.08,broken clouds,0.0,0.0
Formosa,AR,2020-04-19 21:00:02,-26.18,-58.18,87.8,38,0,6.93,clear sky,0.0,0.0
Safaga,EG,2020-04-19 21:00:03,26.73,33.94,77.0,33,0,9.17,clear sky,0.0,0.0
Pinawa,CA,2020-04-19 21:00:04,50.15,-95.88,44.33,48,100,17.98,overcast clouds,0.0,0.0
Evensk,RU,2020-04-19 21:00:04,61.95,159.23,10.81,90,100,9.24,overcast clouds,0.0,0.0
Eenhana,NA,2020-04-19 21:00:05,-17.47,16.33,75.2,57,96,4.7,overcast clouds,0.0,0.0
Xacmaz,AZ,2020-04-19 21:00:06,41.46,48.81,53.37,70,41,5.46,scattered clouds,0.0,0.0
Hofn,IS,2020-04-19 21:00:07,64.25,-15.21,43.56,85,100,4.81,overcast clouds,0.0,0.0
Quatre Cocos,MU,2020-04-19 21:00:07,-20.21,57.76,75.99,88,75,6.93,shower rain,0.0,0.0
Norilsk,RU,2020-04-19 20:59:59,69.35,88.2,39.2,69,100,26.84,overcast clouds,0.0,0.0
Lao Cai,VN,2020-04-19 21:00:09,22.48,103.95,76.17,72,49,0.69,scattered clouds,0.0,0.0
Longyearbyen,SJ,2020-04-19 21:00:10,78.22,15.64,33.8,64,75,35.57,broken clouds,0.0,0.0
Alice Springs,AU,2020-04-19 20:58:04,-23.7,133.88,78.8,27,2,10.29,clear sky,0.0,0.0
Ikot Ekpene,NG,2020-04-19 21:00:11,5.18,7.71,76.87,85,100,2.68,light rain,0.22,0.0
Oranjestad,AW,2020-04-19 20:58:26,12.52,-70.03,86.0,66,20,24.16,few clouds,0.0,0.0
Nisia Floresta,BR,2020-04-19 21:00:12,-6.09,-35.21,84.2,74,40,10.29,scattered clouds,0.0,0.0
Imuris,MX,2020-04-19 21:00:13,30.78,-110.87,81.0,14,75,1.01,broken clouds,0.0,0.0
Clyde River,CA,2020-04-19 21:00:14,70.47,-68.59,6.8,71,1,10.29,clear sky,0.0,0.0
Riyadh,SA,2020-04-19 20:58:23,24.69,46.72,78.8,41,100,3.36,overcast clouds,0.0,0.0
Goderich,CA,2020-04-19 21:00:15,43.75,-81.72,44.01,55,55,7.0,broken clouds,0.0,0.0
Qeshm,IR,2020-04-19 21:00:16,26.96,56.27,77.0,83,92,2.24,mist,0.0,0.0
Talnakh,RU,2020-04-19 21:00:17,69.49,88.4,39.2,69,100,26.84,overcast clouds,0.0,0.0
Coahuayana,MX,2020-04-19 21:00:17,18.73,-103.68,87.8,45,5,7.47,clear sky,0.0,0.0
Port Moresby,PG,2020-04-19 21:00:18,-9.44,147.18,75.2,100,75,3.36,fog,0.0,0.0
Shellbrook,CA,2020-04-19 21:00:19,53.22,-106.4,46.4,42,75,25.28,broken clouds,0.0,0.0
Walvis Bay,NA,2020-04-19 20:58:52,-22.96,14.51,60.8,82,1,4.7,clear sky,0.0,0.0
Lagoa,PT,2020-04-19 21:00:21,39.05,-27.98,57.13,64,46,23.09,scattered clouds,0.0,0.0
Kasongo-Lunda,CD,2020-04-19 21:00:22,-6.47,16.82,70.47,75,87,1.21,overcast clouds,0.0,0.0
Liaoyang,CN,2020-04-19 21:00:23,41.27,123.17,48.2,93,90,11.18,light rain,0.0,0.0
Carballo,ES,2020-04-19 21:00:23,43.21,-8.69,57.0,87,20,4.41,few clouds,0.0,0.0
Saint-Augustin,CA,2020-04-19 21:00:24,51.23,-58.65,31.35,93,100,14.54,overcast clouds,0.0,0.0
Upernavik,GL,2020-04-19 21:00:25,72.79,-56.15,23.95,88,100,18.52,overcast clouds,0.0,0.0
Ust-Omchug,RU,2020-04-19 21:00:26,61.15,149.63,-6.0,80,54,5.7,broken clouds,0.0,0.0
Takoradi,GH,2020-04-19 21:00:26,4.88,-1.76,82.62,80,100,8.28,overcast clouds,0.0,0.0
Yarada,IN,2020-04-19 21:00:27,17.65,83.27,82.4,83,20,5.82,mist,0.0,0.0
Seoul,KR,2020-04-19 20:58:03,37.57,126.98,50.0,76,90,2.26,overcast clouds,0.0,0.0
Pachino,IT,2020-04-19 21:00:29,36.72,15.09,64.4,68,100,3.36,overcast clouds,0.0,0.0
Batemans Bay,AU,2020-04-19 21:00:30,-35.72,150.18,55.99,100,100,6.78,overcast clouds,0.0,0.0
Zeya,RU,2020-04-19 21:00:30,53.75,127.27,17.55,86,100,10.98,overcast clouds,0.0,0.0
Araceli,PH,2020-04-19 21:00:31,10.55,119.99,84.31,78,49,16.82,light rain,0.23,0.0
Tongchuan,CN,2020-04-19 21:00:31,35.08,109.09,48.96,33,80,14.5,broken clouds,0.0,0.0
San Carlos De Bariloche,AR,2020-04-19 21:00:32,-41.15,-71.31,51.8,53,75,26.4,broken clouds,0.0,0.0
Erzin,TR,2020-04-19 21:00:33,36.96,36.2,66.0,68,40,11.41,scattered clouds,0.0,0.0
Korla,CN,2020-04-19 21:00:34,41.76,86.15,60.01,43,100,6.4,overcast clouds,0.0,0.0
Meulaboh,ID,2020-04-19 21:00:34,4.14,96.13,78.82,84,64,4.43,light rain,0.43,0.0
Tari,NG,2020-04-19 21:00:35,12.41,4.49,95.59,20,1,4.38,clear sky,0.0,0.0
Ancud,CL,2020-04-19 20:59:46,-41.87,-73.82,59.0,62,20,11.41,few clouds,0.0,0.0
Nanortalik,GL,2020-04-19 21:00:36,60.14,-45.24,29.89,90,13,13.42,few clouds,0.0,0.0
Cayenne,GF,2020-04-19 21:00:37,4.93,-52.33,80.6,83,75,11.41,broken clouds,0.0,0.0
Garden City,US,2020-04-19 21:00:38,42.33,-83.33,64.4,33,75,16.11,broken clouds,0.0,0.0
Kamenka,RU,2020-04-19 21:00:39,51.32,42.77,34.0,80,46,5.68,scattered clouds,0.0,0.0
Kaihua,CN,2020-04-19 21:00:40,23.37,104.28,62.73,60,12,4.61,few clouds,0.0,0.0
Chokurdakh,RU,2020-04-19 21:00:40,70.63,147.92,6.67,94,94,10.47,overcast clouds,0.0,0.0
Birnin Kebbi,NG,2020-04-19 21:00:41,12.45,4.2,94.69,20,26,7.02,scattered clouds,0.0,0.0
Conde,BR,2020-04-19 21:00:42,-7.26,-34.91,80.6,83,40,10.29,scattered clouds,0.0,0.0
Monzon,ES,2020-04-19 21:00:43,41.91,0.19,60.01,93,100,8.05,moderate rain,4.29,0.0
Luanda,AO,2020-04-19 21:00:43,-8.84,13.23,80.6,88,20,4.7,few clouds,0.0,0.0
Jalu,LY,2020-04-19 21:00:44,29.03,21.55,72.39,23,70,5.5,broken clouds,0.0,0.0
Avera,US,2020-04-19 21:00:45,33.19,-82.53,57.2,90,90,6.93,overcast clouds,0.0,0.0
Davenda,RU,2020-04-19 21:00:46,53.56,119.32,12.72,82,36,7.45,scattered clouds,0.0,0.0
Boa Vista,BR,2020-04-19 20:58:47,2.82,-60.67,93.2,44,75,8.05,broken clouds,0.0,0.0
Kirakira,SB,2020-04-19 21:00:47,-10.45,161.92,80.83,78,96,1.21,light rain,0.71,0.0
Staryy Nadym,RU,2020-04-19 21:00:47,65.61,72.68,34.21,94,100,12.15,overcast clouds,0.0,0.0
Mana,GF,2020-04-19 21:00:48,5.66,-53.78,79.3,87,100,9.73,light rain,1.03,0.0
Sitka,US,2020-04-19 21:00:48,57.05,-135.33,42.8,81,75,5.82,broken clouds,0.0,0.0
Severnyy,RU,2020-04-19 21:00:49,50.68,36.55,41.0,48,49,4.47,scattered clouds,0.0,0.0
Nioro,GM,2020-04-19 21:00:50,13.35,-15.75,84.38,27,51,9.22,broken clouds,0.0,0.0
Havoysund,NO,2020-04-19 21:00:51,71.0,24.66,39.2,86,75,20.8,broken clouds,0.0,0.0
Goure,NE,2020-04-19 21:00:51,13.98,10.27,82.06,13,14,2.8,few clouds,0.0,0.0
Georgetown,MY,2020-04-19 21:00:52,5.41,100.34,78.8,94,20,4.7,few clouds,0.0,0.0
Termoli,IT,2020-04-19 21:00:53,41.99,14.99,64.0,72,100,1.61,overcast clouds,0.0,0.0
Luderitz,NA,2020-04-19 21:00:54,-26.65,15.16,62.6,82,0,8.05,clear sky,0.0,0.0
Canchungo,GW,2020-04-19 21:00:55,12.07,-16.03,84.2,54,25,5.82,scattered clouds,0.0,0.0
Kroya,ID,2020-04-19 21:00:55,-7.63,109.25,78.71,81,77,1.3,broken clouds,0.0,0.0
Kaitangata,NZ,2020-04-19 21:00:56,-46.28,169.85,51.01,52,85,11.01,overcast clouds,0.0,0.0
Severnoye,RU,2020-04-19 21:00:57,56.35,78.36,45.54,83,25,2.93,scattered clouds,0.0,0.0
Margate,GB,2020-04-19 21:00:01,51.38,1.39,50.0,87,0,21.72,clear sky,0.0,0.0
Lavrentiya,RU,2020-04-19 20:59:56,65.58,-171.0,19.2,91,99,8.23,overcast clouds,0.0,0.0
Rypin,PL,2020-04-19 21:00:59,53.07,19.41,35.29,83,0,7.65,clear sky,0.0,0.0
Sarangani,PH,2020-04-19 21:01:00,5.4,125.46,83.39,78,92,14.36,light rain,1.04,0.0
Novyy Buyan,RU,2020-04-19 21:01:01,53.69,50.05,41.0,44,100,2.24,overcast clouds,0.0,0.0
Talara,PE,2020-04-19 21:01:01,-4.58,-81.27,78.76,63,21,11.5,few clouds,0.0,0.0
Saveh,IR,2020-04-19 21:01:02,35.02,50.36,65.19,39,9,2.06,clear sky,0.0,0.0
East London,ZA,2020-04-19 20:57:31,-33.02,27.91,75.74,58,0,13.09,clear sky,0.0,0.0
Angoche,MZ,2020-04-19 21:01:04,-16.23,39.91,75.38,87,20,8.52,few clouds,0.0,0.0
Katima Mulilo,NA,2020-04-19 21:01:04,-17.5,24.27,64.4,88,4,4.54,clear sky,0.0,0.0
Tomatlan,MX,2020-04-19 21:01:05,19.93,-105.25,86.07,47,10,12.24,clear sky,0.0,0.0
Vardo,NO,2020-04-19 21:01:03,70.37,31.11,35.6,90,75,25.28,light intensity drizzle,0.0,0.0
Nosy Varika,MG,2020-04-19 21:01:07,-20.58,48.53,72.09,87,12,5.68,light rain,0.25,0.0
Jalingo,NG,2020-04-19 21:01:07,8.88,11.37,88.52,46,93,10.0,overcast clouds,0.0,0.0
Codrington,AU,2020-04-19 21:01:08,-38.27,141.97,59.27,83,55,22.26,light rain,0.24,0.0
Sobolevo,RU,2020-04-19 21:01:08,54.43,31.9,34.07,83,3,10.49,clear sky,0.0,0.0
Stokmarknes,NO,2020-04-19 21:01:09,68.56,14.91,41.0,88,100,8.01,light rain,0.43,0.0
Coquimbo,CL,2020-04-19 21:01:09,-29.95,-71.34,60.8,87,75,12.75,broken clouds,0.0,0.0
Batagay,RU,2020-04-19 21:01:10,67.63,134.63,6.31,87,89,3.58,overcast clouds,0.0,0.0
Guarapari,BR,2020-04-19 21:00:12,-20.67,-40.5,75.99,73,40,14.99,scattered clouds,0.0,0.0
Gamba,GA,2020-04-19 21:01:12,-2.65,10.0,79.11,84,100,10.31,moderate rain,6.78,0.0
Bobrovka,RU,2020-04-19 21:01:12,54.05,61.75,44.53,59,79,5.44,broken clouds,0.0,0.0
Kinkala,CG,2020-04-19 21:01:13,-4.36,14.76,80.6,78,97,4.7,overcast clouds,0.0,0.0
Pacifica,US,2020-04-19 21:01:14,37.61,-122.49,63.0,51,75,11.41,broken clouds,0.0,0.0
Alta Floresta,BR,2020-04-19 20:59:54,-9.88,-56.09,77.0,94,40,2.24,light rain,0.0,0.0
Christchurch,NZ,2020-04-19 21:00:02,-43.53,172.63,51.8,53,62,6.93,broken clouds,0.0,0.0
Nikolskoye,RU,2020-04-19 21:01:16,59.7,30.79,39.2,90,75,6.71,light rain,0.0,0.0
Saskylakh,RU,2020-04-19 21:01:17,71.92,114.08,12.06,94,0,3.33,clear sky,0.0,0.0
Kapit,MY,2020-04-19 21:01:17,2.02,112.93,74.43,92,100,0.25,overcast clouds,0.0,0.0
Bocaiuva,BR,2020-04-19 20:58:36,-17.11,-43.81,69.57,66,50,6.87,scattered clouds,0.0,0.0
Victoria,HK,2020-04-19 20:57:05,22.29,114.16,75.99,88,94,3.0,overcast clouds,0.0,0.0
Fortuna,US,2020-04-19 21:01:20,40.6,-124.16,59.0,76,1,12.75,clear sky,0.0,0.0
Ternate,ID,2020-04-19 21:01:20,0.8,127.4,80.31,77,37,2.42,scattered clouds,0.0,0.0
Mahon,ES,2020-04-19 21:01:21,39.89,4.27,60.8,100,100,8.05,light rain,0.0,0.0
Maun,BW,2020-04-19 21:01:22,-19.98,23.42,73.4,46,4,8.05,clear sky,0.0,0.0
Salair,RU,2020-04-19 21:01:23,54.23,85.8,43.75,68,71,1.45,broken clouds,0.0,0.0
Hanstholm,DK,2020-04-19 21:01:23,57.12,8.62,46.0,86,0,5.57,clear sky,0.0,0.0
Ahipara,NZ,2020-04-19 21:01:24,-35.17,173.17,61.61,88,100,6.44,light rain,2.69,0.0
Lompoc,US,2020-04-19 20:57:48,34.64,-120.46,62.6,59,90,12.75,overcast clouds,0.0,0.0
Sri Aman,MY,2020-04-19 21:01:25,1.24,111.46,78.8,100,92,1.05,overcast clouds,0.0,0.0
Anadyr,RU,2020-04-19 21:01:26,64.75,177.48,17.6,85,40,2.24,light snow,0.0,0.0
Kholmogory,RU,2020-04-19 21:01:27,64.22,41.66,32.0,97,90,6.71,overcast clouds,0.0,0.0
Saurimo,AO,2020-04-19 21:01:28,-9.66,20.39,64.65,71,69,1.92,light rain,2.28,0.0
Kilindoni,TZ,2020-04-19 21:01:28,-7.91,39.67,82.2,78,79,14.99,light rain,0.7,0.0
Dingle,PH,2020-04-19 21:01:28,11.0,122.67,79.23,86,78,9.95,light rain,0.27,0.0
Birjand,IR,2020-04-19 21:01:29,32.87,59.22,55.4,62,0,4.7,clear sky,0.0,0.0
Namibe,AO,2020-04-19 20:56:38,-15.2,12.15,75.06,63,5,7.07,light rain,0.22,0.0
Knoxville,US,2020-04-19 20:56:42,35.96,-83.92,66.99,48,75,5.82,broken clouds,0.0,0.0
Gayeri,BF,2020-04-19 21:01:31,12.65,0.49,91.06,33,91,9.48,overcast clouds,0.0,0.0
San Patricio,MX,2020-04-19 21:01:31,19.22,-104.7,78.8,69,5,13.87,clear sky,0.0,0.0
Falavarjan,IR,2020-04-19 21:01:32,32.56,51.51,55.4,66,31,4.7,scattered clouds,0.0,0.0
Panaba,MX,2020-04-19 21:01:33,21.28,-88.27,98.98,26,46,13.65,scattered clouds,0.0,0.0
Herat,AF,2020-04-19 21:01:34,34.5,62.0,57.2,67,0,3.36,clear sky,0.0,0.0
Faanui,PF,2020-04-19 21:01:34,-16.48,-151.75,83.21,74,67,14.52,light rain,1.35,0.0
Karbinci,MK,2020-04-19 21:01:35,41.82,22.24,59.0,62,95,2.24,overcast clouds,0.0,0.0
Santiago,CL,2020-04-19 21:00:03,-33.46,-70.65,84.2,30,0,5.82,clear sky,0.0,0.0
San Cristobal,VE,2020-04-19 21:01:37,7.77,-72.22,91.4,49,40,5.82,smoke,0.0,0.0
Mahibadhoo,MV,2020-04-19 21:01:37,3.78,72.97,84.56,76,62,10.71,light rain,1.7,0.0
Beachwood,US,2020-04-19 21:01:38,41.46,-81.51,57.99,54,90,16.11,overcast clouds,0.0,0.0
Lagunas,PE,2020-04-19 21:01:38,-5.23,-75.68,89.69,38,0,3.74,clear sky,0.0,0.0
La Rioja,ES,2020-04-19 21:01:39,42.25,-2.5,53.6,87,40,8.05,scattered clouds,0.0,0.0
Manoel Urbano,BR,2020-04-19 21:01:40,-8.84,-69.26,87.66,48,17,2.3,few clouds,0.0,0.0
Churachandpur,IN,2020-04-19 21:01:41,24.33,93.67,62.83,55,67,0.76,light rain,0.19,0.0
Ratlam,IN,2020-04-19 21:01:41,23.32,75.07,78.78,25,100,7.61,overcast clouds,0.0,0.0
Nizhniy Tsasuchey,RU,2020-04-19 21:01:42,50.52,115.13,19.35,78,0,13.47,clear sky,0.0,0.0
Henties Bay,NA,2020-04-19 21:01:43,-22.12,14.28,57.99,93,0,3.0,clear sky,0.0,0.0
Bilibino,RU,2020-04-19 21:01:44,68.05,166.44,4.78,78,86,2.82,overcast clouds,0.0,0.0
Birao,CF,2020-04-19 21:01:44,10.28,22.79,84.25,12,36,1.92,scattered clouds,0.0,0.0
Juneau,US,2020-04-19 21:01:45,58.3,-134.42,55.4,50,75,13.87,broken clouds,0.0,0.0
Mocuba,MZ,2020-04-19 21:01:46,-16.84,36.99,68.86,94,17,5.37,light rain,0.15,0.0
Hudson Bay,CA,2020-04-19 21:01:46,52.85,-102.38,41.05,62,92,17.22,overcast clouds,0.0,0.0
Balkhash,KZ,2020-04-19 21:01:47,46.84,74.98,57.96,32,0,8.77,clear sky,0.0,0.0
Maracaju,BR,2020-04-19 21:01:48,-21.61,-55.17,77.34,52,23,3.02,few clouds,0.0,0.0
Axim,GH,2020-04-19 21:01:49,4.87,-2.24,82.53,80,98,8.25,overcast clouds,0.0,0.0
Tura,IN,2020-04-19 21:01:49,25.52,90.22,70.16,81,16,4.16,light rain,0.25,0.0
Cidreira,BR,2020-04-19 21:01:50,-30.18,-50.21,68.86,79,0,13.82,clear sky,0.0,0.0
Abaete,BR,2020-04-19 21:01:51,-19.16,-45.45,69.6,74,79,5.82,light rain,1.07,0.0
Chichibu,JP,2020-04-19 21:01:49,35.99,139.08,46.4,93,90,6.13,light intensity drizzle,0.0,0.0
Gat,IL,2020-04-19 21:01:52,31.61,34.76,69.01,14,1,11.36,clear sky,0.0,0.0
Balsas,BR,2020-04-19 21:00:08,-7.53,-46.04,78.39,79,29,3.33,light rain,1.43,0.0
Sarkand,KZ,2020-04-19 21:01:53,45.41,79.92,49.39,34,0,3.85,clear sky,0.0,0.0
Tual,ID,2020-04-19 21:01:54,-5.67,132.75,83.97,72,1,6.8,clear sky,0.0,0.0
Vila Velha,BR,2020-04-19 20:58:41,-20.33,-40.29,75.99,73,40,14.99,scattered clouds,0.0,0.0
Amahai,ID,2020-04-19 21:01:55,-3.33,128.92,80.67,77,87,1.68,moderate rain,4.04,0.0
Taoudenni,ML,2020-04-19 21:01:56,22.68,-3.98,81.66,17,0,12.3,clear sky,0.0,0.0
Asau,RO,2020-04-19 21:01:56,46.43,26.4,46.4,87,75,12.75,light rain,0.0,0.0
Sola,VU,2020-04-19 21:01:57,-13.88,167.55,82.49,76,39,8.08,light rain,1.68,0.0
Tabas,IR,2020-04-19 21:01:57,33.6,56.92,69.75,31,1,2.62,clear sky,0.0,0.0
Vanimo,PG,2020-04-19 21:01:58,-2.67,141.3,81.32,79,100,0.69,light rain,2.52,0.0
Raton,US,2020-04-19 21:01:58,36.9,-104.44,64.4,30,40,10.29,scattered clouds,0.0,0.0
Tuatapere,NZ,2020-04-19 21:01:59,-46.13,167.68,46.0,81,53,4.0,broken clouds,0.0,0.0
Tatawin,TN,2020-04-19 21:02:00,32.93,10.45,89.6,13,100,3.36,overcast clouds,0.0,0.0
Santa Cruz,BO,2020-04-19 21:02:01,-17.8,-63.17,91.4,31,20,5.82,few clouds,0.0,0.0
Buldana,IN,2020-04-19 21:02:02,20.53,76.18,83.1,21,53,3.6,broken clouds,0.0,0.0
Belyy Yar,RU,2020-04-19 21:02:03,53.6,91.39,41.0,48,0,11.18,clear sky,0.0,0.0
Navahrudak,BY,2020-04-19 21:02:03,53.6,25.83,32.22,83,0,6.4,clear sky,0.0,0.0
Ukholovo,RU,2020-04-19 21:02:04,53.79,40.49,32.0,86,100,3.51,overcast clouds,0.0,0.0
Oudtshoorn,ZA,2020-04-19 21:02:05,-33.59,22.2,62.6,67,0,4.7,clear sky,0.0,0.0
Kaeo,NZ,2020-04-19 21:02:05,-35.1,173.78,60.01,97,100,1.01,light rain,1.54,0.0
Palmer,US,2020-04-19 20:58:59,42.16,-72.33,62.6,47,75,17.22,broken clouds,0.0,0.0
Husavik,IS,2020-04-19 21:02:07,66.04,-17.34,46.4,70,63,23.04,broken clouds,0.0,0.0
Boyabat,TR,2020-04-19 21:02:07,41.47,34.77,57.29,50,100,1.34,overcast clouds,0.0,0.0
Hamilton,US,2020-04-19 20:59:32,39.18,-84.53,57.99,54,90,8.05,light rain,0.0,0.0
Bac Lieu,VN,2020-04-19 21:02:09,9.29,105.72,80.47,76,0,6.31,clear sky,0.0,0.0
Yaan,NG,2020-04-19 21:02:09,7.38,8.57,81.27,67,100,11.88,light rain,0.64,0.0
Sonoita,MX,2020-04-19 21:02:10,31.85,-112.83,79.0,24,75,9.04,broken clouds,0.0,0.0
Potiskum,NG,2020-04-19 21:02:11,11.71,11.07,83.7,12,62,5.99,broken clouds,0.0,0.0
General Roca,AR,2020-04-19 21:02:11,-39.03,-67.58,77.0,29,98,7.23,overcast clouds,0.0,0.0
Vanavara,RU,2020-04-19 21:02:12,60.34,102.28,19.0,92,0,1.9,clear sky,0.0,0.0
Forbes,AU,2020-04-19 21:02:13,-33.38,148.02,55.0,68,100,5.66,overcast clouds,0.0,0.0
Geraldton,AU,2020-04-19 21:02:13,-28.77,114.6,55.4,93,0,9.17,clear sky,0.0,0.0
Linjiang,CN,2020-04-19 21:02:14,41.81,126.91,41.97,71,99,4.14,overcast clouds,0.0,0.0
Namatanai,PG,2020-04-19 21:02:15,-3.67,152.43,82.09,77,76,5.86,broken clouds,0.0,0.0
Tres Picos,MX,2020-04-19 21:02:16,15.87,-93.53,84.6,62,90,4.41,light rain,0.61,0.0
Banamba,ML,2020-04-19 21:02:16,13.55,-7.45,93.97,22,33,8.37,scattered clouds,0.0,0.0
Necochea,AR,2020-04-19 21:02:17,-38.55,-58.74,66.0,80,42,4.0,scattered clouds,0.0,0.0
Puerto Escondido,MX,2020-04-19 21:02:17,15.85,-97.07,87.8,74,5,9.17,clear sky,0.0,0.0
Cotonou,BJ,2020-04-19 21:02:18,6.37,2.42,82.4,78,40,9.17,scattered clouds,0.0,0.0
Port Lincoln,AU,2020-04-19 21:02:19,-34.73,135.87,61.27,65,100,17.22,overcast clouds,0.0,0.0
Kidal,ML,2020-04-19 21:02:20,18.44,1.41,87.33,11,99,4.03,overcast clouds,0.0,0.0
Ipixuna,BR,2020-04-19 21:02:01,-1.76,-48.8,80.6,88,75,2.24,broken clouds,0.0,0.0
Kokkola,FI,2020-04-19 21:02:21,63.84,23.13,39.0,88,4,3.36,clear sky,0.0,0.0
Ilijas,BA,2020-04-19 21:02:22,43.95,18.27,56.57,68,100,0.56,light rain,1.13,0.0
Lincoln,US,2020-04-19 21:02:22,40.8,-96.67,64.4,31,1,12.75,clear sky,0.0,0.0
San Policarpo,PH,2020-04-19 21:02:23,12.18,125.51,81.63,84,90,14.05,light rain,0.12,0.0
Davila,PH,2020-04-19 21:02:23,18.47,120.58,79.97,79,92,4.83,overcast clouds,0.0,0.0
Payo,ID,2020-04-19 21:02:24,-3.75,103.64,74.21,88,86,1.54,overcast clouds,0.0,0.0
Petropavlovsk-Kamchatskiy,RU,2020-04-19 20:58:05,53.05,158.65,28.4,33,32,11.18,scattered clouds,0.0,0.0
Bambous Virieux,MU,2020-04-19 21:02:25,-20.34,57.76,75.99,88,75,6.93,shower rain,0.0,0.0
Likasi,CD,2020-04-19 21:02:26,-10.98,26.73,62.08,65,1,5.82,clear sky,0.0,0.0
Le Port,RE,2020-04-19 21:02:27,-20.94,55.29,75.2,73,14,14.99,light rain,0.14,0.0
Grindavik,IS,2020-04-19 21:02:27,63.84,-22.43,46.4,93,90,29.97,light intensity drizzle,0.0,0.0
Lorengau,PG,2020-04-19 21:02:28,-2.02,147.27,82.54,78,40,6.29,light rain,0.28,0.0
Muros,ES,2020-04-19 21:02:28,42.78,-9.06,55.99,85,54,4.79,broken clouds,0.0,0.0
Wolomin,PL,2020-04-19 21:02:29,52.34,21.24,48.0,53,35,7.87,scattered clouds,0.0,0.0
Torbay,CA,2020-04-19 21:02:30,47.67,-52.73,35.01,92,90,32.21,light rain,0.0,0.0
Misratah,LY,2020-04-19 21:02:31,32.38,15.09,66.97,60,100,23.44,overcast clouds,0.0,0.0
Ravar,IR,2020-04-19 21:02:31,31.27,56.81,64.74,39,69,1.12,broken clouds,0.0,0.0
Kapitanivka,UA,2020-04-19 21:02:32,48.92,31.72,42.37,58,63,2.71,broken clouds,0.0,0.0
Barma,SL,2020-04-19 21:02:33,8.35,-11.33,77.9,81,100,3.94,light rain,2.32,0.0
Caucaia,BR,2020-04-19 21:02:15,-3.74,-38.65,86.0,66,20,6.93,few clouds,0.0,0.0
Cabo San Lucas,MX,2020-04-19 21:02:34,22.89,-109.91,77.0,50,5,10.29,clear sky,0.0,0.0
Harper,LR,2020-04-19 21:02:35,4.38,-7.72,82.0,82,100,7.36,overcast clouds,0.0,0.0
Tabu,PH,2020-04-19 21:02:36,9.89,122.71,77.36,79,26,9.24,scattered clouds,0.0,0.0
Kharsia,IN,2020-04-19 21:02:37,21.97,83.12,80.96,34,45,4.18,scattered clouds,0.0,0.0
North Bend,US,2020-04-19 21:02:37,43.41,-124.22,60.01,66,1,11.41,clear sky,0.0,0.0
Barra Dos Coqueiros,BR,2020-04-19 21:02:38,-10.91,-37.04,82.4,78,40,8.05,scattered clouds,0.0,0.0
Saint-Philippe,RE,2020-04-19 21:02:39,-21.36,55.77,75.2,69,75,18.34,broken clouds,0.0,0.0
Ostersund,SE,2020-04-19 21:02:40,63.18,14.64,35.6,82,13,10.29,few clouds,0.0,0.0
Umm Lajj,SA,2020-04-19 21:02:40,25.02,37.27,75.81,44,0,4.07,clear sky,0.0,0.0
Ponta Do Sol,PT,2020-04-19 21:02:41,32.67,-17.1,59.0,56,26,3.0,scattered clouds,0.0,0.0
Yatou,CN,2020-04-19 21:02:42,37.15,122.38,47.52,91,47,12.5,light rain,0.11,0.0
La Solana,ES,2020-04-19 21:02:42,38.94,-3.24,53.01,90,86,1.99,light rain,1.66,0.0
Sabha,LY,2020-04-19 21:02:43,27.04,14.43,83.37,15,3,20.38,clear sky,0.0,0.0
Mendoza,AR,2020-04-19 21:00:03,-32.89,-68.83,80.6,36,0,6.93,clear sky,0.0,0.0
Kalmunai,LK,2020-04-19 21:02:44,7.42,81.82,81.82,80,67,5.75,broken clouds,0.0,0.0
Mankato,US,2020-04-19 20:58:35,44.16,-94.0,53.01,31,1,12.75,clear sky,0.0,0.0
Weligama,LK,2020-04-19 21:02:46,5.97,80.42,78.3,88,23,6.22,few clouds,0.0,0.0
Arman,RU,2020-04-19 21:02:46,59.7,150.17,4.1,84,0,8.34,clear sky,0.0,0.0
Oistins,BB,2020-04-19 21:02:47,13.07,-59.53,84.2,62,40,19.46,scattered clouds,0.0,0.0
Tezu,IN,2020-04-19 21:02:48,27.92,96.17,65.35,70,100,4.23,light rain,2.45,0.0
Homer,US,2020-04-19 21:02:48,59.64,-151.55,48.2,70,90,8.05,overcast clouds,0.0,0.0
Portland,US,2020-04-19 20:59:22,45.52,-122.68,62.01,50,75,3.36,broken clouds,0.0,0.0
San Julian,MX,2020-04-19 21:02:50,21.02,-102.17,86.99,11,0,14.83,clear sky,0.0,0.0
Beaverlodge,CA,2020-04-19 21:02:51,55.22,-119.44,59.0,43,20,11.41,few clouds,0.0,0.0
Sinnamary,GF,2020-04-19 21:02:51,5.38,-52.95,80.55,82,95,15.64,moderate rain,3.25,0.0
Senneterre,CA,2020-04-19 21:02:52,48.38,-77.23,26.6,58,75,12.75,broken clouds,0.0,0.0
Iguape,BR,2020-04-19 21:02:52,-24.71,-47.56,71.01,76,9,6.26,clear sky,0.0,0.0
Zemio,CF,2020-04-19 21:02:53,5.03,25.14,73.27,69,100,8.99,overcast clouds,0.0,0.0
Imbituba,BR,2020-04-19 21:00:39,-28.24,-48.67,73.4,56,20,9.17,few clouds,0.0,0.0
Leshukonskoye,RU,2020-04-19 21:02:13,64.9,45.76,31.96,97,100,4.23,light snow,0.0,0.53
Mitsamiouli,KM,2020-04-19 21:02:55,-11.38,43.28,83.07,74,79,17.81,broken clouds,0.0,0.0
Shimoda,JP,2020-04-19 21:02:56,34.67,138.95,50.0,93,100,1.01,light rain,1.36,0.0
Ust-Kuyga,RU,2020-04-19 21:02:56,70.02,135.6,4.84,92,18,6.89,few clouds,0.0,0.0
Vestmannaeyjar,IS,2020-04-19 21:02:57,63.44,-20.27,46.0,93,100,30.76,light rain,0.48,0.0
Salinas,US,2020-04-19 21:02:57,36.68,-121.66,62.6,59,20,8.05,few clouds,0.0,0.0
Butterworth,MY,2020-04-19 21:02:58,5.4,100.36,78.8,94,20,4.7,few clouds,0.0,0.0
Porto Novo,BJ,2020-04-19 21:02:08,6.5,2.6,82.4,78,40,9.17,scattered clouds,0.0,0.0
Winslow,US,2020-04-19 21:03:00,35.02,-110.7,68.0,24,40,9.17,scattered clouds,0.0,0.0
Touros,BR,2020-04-19 21:01:41,-5.2,-35.46,82.4,78,20,10.29,few clouds,0.0,0.0
Abu Dhabi,AE,2020-04-19 21:00:07,24.47,54.37,84.2,39,82,3.36,light rain,0.11,0.0
Mangrol,IN,2020-04-19 20:59:35,21.12,70.12,79.97,65,2,11.54,clear sky,0.0,0.0
Dunedin,NZ,2020-04-19 21:01:29,-45.87,170.5,48.78,60,50,10.11,scattered clouds,0.0,0.0
Paragominas,BR,2020-04-19 21:03:03,-2.97,-47.48,77.77,89,75,2.19,moderate rain,3.1,0.0
Aguimes,ES,2020-04-19 21:03:03,27.91,-15.45,66.2,63,20,14.99,few clouds,0.0,0.0
Methven,NZ,2020-04-19 21:03:04,-43.63,171.65,55.0,65,20,1.99,few clouds,0.0,0.0
Sayyan,YE,2020-04-19 21:03:05,15.17,44.32,61.03,35,94,1.36,light rain,0.19,0.0
Pyshchug,RU,2020-04-19 21:03:06,58.89,45.71,32.7,87,14,0.85,few clouds,0.0,0.0
Atar,MR,2020-04-19 21:03:06,20.52,-13.05,75.74,17,0,9.08,clear sky,0.0,0.0
Pinega,RU,2020-04-19 21:03:07,64.7,43.39,31.73,99,100,4.74,light snow,0.0,0.26
Nishihara,JP,2020-04-19 21:03:08,26.18,127.76,73.4,88,75,16.11,broken clouds,0.0,0.0
Lima,PE,2020-04-19 20:58:57,-12.04,-77.03,75.2,64,28,10.29,scattered clouds,0.0,0.0
Port Macquarie,AU,2020-04-19 21:03:09,-31.43,152.92,55.99,97,9,5.61,clear sky,0.0,0.0
Elk Point,US,2020-04-19 21:03:10,42.68,-96.68,55.99,53,97,8.99,overcast clouds,0.0,0.0
Chiknayakanhalli,IN,2020-04-19 21:03:11,13.42,76.62,78.62,29,15,5.32,few clouds,0.0,0.0
Viedma,AR,2020-04-19 21:00:44,-40.81,-63.0,66.83,32,46,4.99,scattered clouds,0.0,0.0
Praia,CV,2020-04-19 21:01:12,14.92,-23.51,73.4,64,20,19.46,few clouds,0.0,0.0
Sergeyevka,KZ,2020-04-19 21:03:13,53.88,67.42,46.2,69,98,2.98,overcast clouds,0.0,0.0
Constitucion,CL,2020-04-19 21:03:13,-35.33,-72.42,64.09,52,81,17.76,broken clouds,0.0,0.0
Selfoss,IS,2020-04-19 21:03:14,63.93,-21.0,46.4,93,90,24.16,light intensity drizzle,0.0,0.0
Ambilobe,MG,2020-04-19 21:03:15,-13.2,49.05,73.31,88,41,4.29,scattered clouds,0.0,0.0
Grand Gaube,MU,2020-04-19 21:03:16,-20.01,57.66,75.99,88,75,6.93,shower rain,0.0,0.0
Mecca,SA,2020-04-19 21:00:03,21.43,39.83,75.7,70,100,0.29,overcast clouds,0.0,0.0
Nassjo,SE,2020-04-19 21:03:18,57.65,14.7,39.99,80,8,3.06,clear sky,0.0,0.0
Zyryanka,RU,2020-04-19 21:03:18,65.75,150.85,0.39,86,0,4.52,clear sky,0.0,0.0
Miraflores,MX,2020-04-19 21:03:19,19.22,-98.81,82.4,28,40,3.36,scattered clouds,0.0,0.0
Hay River,CA,2020-04-19 21:00:23,60.82,-115.8,30.2,80,90,5.82,overcast clouds,0.0,0.0
Bosaso,SO,2020-04-19 21:02:01,11.28,49.18,83.95,67,96,2.71,overcast clouds,0.0,0.0
Chumikan,RU,2020-04-19 21:03:21,54.72,135.31,21.58,95,100,11.05,snow,0.0,1.84
Gold Coast,AU,2020-04-19 21:03:22,-28.0,153.43,61.0,93,1,4.7,clear sky,0.0,0.0
Cam Ranh,VN,2020-04-19 21:03:23,11.92,109.16,80.6,100,20,3.36,few clouds,0.0,0.0
Paramonga,PE,2020-04-19 21:03:23,-10.67,-77.83,74.62,69,29,10.47,scattered clouds,0.0,0.0
Vung Tau,VN,2020-04-19 21:03:24,10.35,107.08,80.82,80,1,10.11,clear sky,0.0,0.0
Marrakesh,MA,2020-04-19 21:03:25,31.63,-8.01,64.4,55,75,11.41,broken clouds,0.0,0.0
Talcahuano,CL,2020-04-19 20:58:37,-36.72,-73.12,66.2,63,100,14.99,overcast clouds,0.0,0.0
Navodari,RO,2020-04-19 21:03:27,44.32,28.6,52.0,87,98,10.29,mist,0.0,0.0
Chorozinho,BR,2020-04-19 21:03:27,-4.3,-38.5,86.0,66,20,6.93,few clouds,0.0,0.0
Zaozerne,UA,2020-04-19 21:03:28,45.16,33.28,49.98,91,100,8.32,moderate rain,4.21,0.0
Xining,CN,2020-04-19 21:03:28,36.62,101.77,39.94,27,100,3.6,overcast clouds,0.0,0.0
Santa Ana,US,2020-04-19 20:59:16,33.75,-117.87,68.0,52,75,11.41,broken clouds,0.0,0.0
Presidencia Roque Saenz Pena,AR,2020-04-19 21:03:30,-26.79,-60.44,79.93,39,0,3.87,clear sky,0.0,0.0
Champerico,GT,2020-04-19 21:00:08,14.3,-91.92,87.49,55,13,8.63,few clouds,0.0,0.0
Saint-Paul,RE,2020-04-19 21:03:31,-21.01,55.27,75.2,73,13,14.99,light rain,0.13,0.0
Zambezi,ZM,2020-04-19 21:03:32,-13.54,23.1,65.37,62,49,4.88,scattered clouds,0.0,0.0
Paoua,CF,2020-04-19 21:03:32,7.24,16.44,77.81,56,86,8.77,overcast clouds,0.0,0.0
Aksha,RU,2020-04-19 21:03:33,50.28,113.29,20.1,79,99,9.26,overcast clouds,0.0,0.0
Namtsy,RU,2020-04-19 21:03:34,62.72,129.67,5.0,71,38,4.47,scattered clouds,0.0,0.0
Awjilah,LY,2020-04-19 21:03:35,29.11,21.29,71.4,24,57,4.38,broken clouds,0.0,0.0
Ilo,PE,2020-04-19 21:03:36,-17.64,-71.34,71.76,65,2,4.54,clear sky,0.0,0.0
Novikovo,RU,2020-04-19 21:03:37,51.15,37.89,39.9,68,44,0.49,scattered clouds,0.0,0.0
Bria,CF,2020-04-19 21:03:37,6.54,21.99,77.63,58,81,7.4,broken clouds,0.0,0.0
Dawson Creek,CA,2020-04-19 21:00:23,55.77,-120.24,60.8,29,1,13.87,clear sky,0.0,0.0
Ossora,RU,2020-04-19 21:03:39,59.24,163.07,18.68,90,99,11.27,overcast clouds,0.0,0.0
Flinders,AU,2020-04-19 21:03:40,-34.58,150.86,57.0,86,100,5.01,overcast clouds,0.0,0.0
Baykit,RU,2020-04-19 21:03:40,61.67,96.37,21.2,90,0,2.06,clear sky,0.0,0.0
Owando,CG,2020-04-19 21:03:41,-0.48,15.9,72.63,78,92,1.68,overcast clouds,0.0,0.0
Nihommatsu,JP,2020-04-19 21:03:42,37.58,140.43,45.0,66,100,2.44,light rain,1.41,0.0
Sept-Iles,CA,2020-04-19 20:59:29,50.2,-66.38,34.0,93,90,13.87,overcast clouds,0.0,0.0
Tacuarembo,UY,2020-04-19 21:01:01,-31.73,-55.98,73.08,50,0,7.05,clear sky,0.0,0.0
Loding,NO,2020-04-19 21:03:44,67.3,14.75,42.8,81,75,14.99,broken clouds,0.0,0.0
Rio Grande,BR,2020-04-19 21:00:18,-32.03,-52.1,77.0,53,20,13.87,few clouds,0.0,0.0
Sao Miguel Do Iguacu,BR,2020-04-19 21:03:45,-25.35,-54.24,82.4,51,0,3.36,clear sky,0.0,0.0
Rawson,AR,2020-04-19 21:03:46,-43.3,-65.1,65.5,28,97,13.67,overcast clouds,0.0,0.0
Komsomolskiy,UZ,2020-04-19 21:03:47,40.43,71.72,57.2,50,0,4.7,clear sky,0.0,0.0
Plettenberg Bay,ZA,2020-04-19 21:03:48,-34.05,23.37,67.96,59,0,1.74,clear sky,0.0,0.0
Naze,JP,2020-04-19 20:59:10,28.37,129.48,66.2,93,75,16.11,light rain,0.0,0.0
Falun,SE,2020-04-19 21:02:17,60.6,15.63,44.01,60,67,5.82,broken clouds,0.0,0.0
Abalak,RU,2020-04-19 21:00:41,58.13,68.59,37.62,76,81,3.67,broken clouds,0.0,0.0
Nyakahanga,TZ,2020-04-19 21:03:51,-1.6,31.14,58.06,63,95,1.52,overcast clouds,0.0,0.0
Krotoszyn,PL,2020-04-19 21:03:52,51.7,17.44,45.0,100,0,8.46,clear sky,0.0,0.0
Saint Marys,US,2020-04-19 21:02:53,30.73,-81.55,82.0,83,40,11.41,scattered clouds,0.0,0.0
Kedougou,SN,2020-04-19 21:03:53,12.56,-12.17,94.53,20,83,1.1,broken clouds,0.0,0.0
Batagay-Alyta,RU,2020-04-19 21:02:02,67.8,130.41,15.49,86,97,2.53,overcast clouds,0.0,0.0
Broken Hill,AU,2020-04-19 21:03:55,-31.95,141.43,68.0,32,90,18.34,overcast clouds,0.0,0.0
Alofi,NU,2020-04-19 21:03:55,-19.06,-169.92,82.4,78,61,5.82,broken clouds,0.0,0.0
Los Llanos De Aridane,ES,2020-04-19 21:03:56,28.66,-17.92,66.2,72,20,16.11,few clouds,0.0,0.0
Bashtanka,UA,2020-04-19 21:02:12,47.41,32.44,50.16,48,100,5.21,overcast clouds,0.0,0.0
Zlobin,HR,2020-04-19 21:03:58,45.29,14.65,63.0,66,100,7.0,light rain,0.38,0.0
Clinton,US,2020-04-19 21:02:06,42.59,-82.92,60.01,87,75,18.34,broken clouds,0.0,0.0
San Andres,CO,2020-04-19 21:03:59,12.58,-81.7,87.8,58,20,10.29,few clouds,0.0,0.0
Luebo,CD,2020-04-19 21:04:00,-5.35,21.42,70.03,83,100,1.07,overcast clouds,0.0,0.0
Teya,RU,2020-04-19 21:04:01,60.38,92.63,28.13,90,74,3.83,broken clouds,0.0,0.0
Manokwari,ID,2020-04-19 21:04:01,-0.87,134.08,81.05,71,50,3.78,scattered clouds,0.0,0.0
Iqaluit,CA,2020-04-19 21:00:46,63.75,-68.51,5.0,65,20,4.7,few clouds,0.0,0.0
Maniitsoq,GL,2020-04-19 21:04:03,65.42,-52.9,29.41,96,100,42.55,snow,0.0,2.04
Jumla,NP,2020-04-19 21:01:07,29.27,82.18,44.58,31,97,2.26,light rain,0.53,0.0
Kununurra,AU,2020-04-19 21:04:04,-15.77,128.73,75.2,88,97,2.24,overcast clouds,0.0,0.0
Srednekolymsk,RU,2020-04-19 21:04:05,67.45,153.68,0.99,91,72,11.61,broken clouds,0.0,0.0
Port Hedland,AU,2020-04-19 21:04:06,-20.32,118.57,75.2,94,74,3.36,broken clouds,0.0,0.0
Yulara,AU,2020-04-19 21:04:07,-25.24,130.99,75.2,33,18,5.82,few clouds,0.0,0.0
Thomasville,US,2020-04-19 21:02:02,35.88,-80.08,63.0,65,85,1.01,overcast clouds,0.0,0.0
Bubaque,GW,2020-04-19 21:04:08,11.28,-15.83,77.41,74,80,16.26,broken clouds,0.0,0.0
Guanare,VE,2020-04-19 21:04:09,9.04,-69.74,83.73,65,100,2.82,moderate rain,4.8,0.0
Haines Junction,CA,2020-04-19 21:04:10,60.75,-137.51,47.73,46,97,7.52,overcast clouds,0.0,0.0
Mildura,AU,2020-04-19 21:00:40,-34.2,142.15,68.0,32,100,9.17,overcast clouds,0.0,0.0
Lusambo,CD,2020-04-19 21:04:11,-4.97,23.45,70.72,84,61,1.28,light rain,0.63,0.0
Griffith,US,2020-04-19 21:04:12,41.53,-87.42,54.0,53,1,13.87,clear sky,0.0,0.0
San Jose,US,2020-04-19 21:01:07,37.34,-121.89,70.0,48,75,5.82,broken clouds,0.0,0.0
Chara,RU,2020-04-19 21:04:13,56.91,118.26,9.48,76,83,5.23,broken clouds,0.0,0.0
Boddam,GB,2020-04-19 21:02:04,57.47,-1.78,42.8,87,0,8.05,clear sky,0.0,0.0
Matara,LK,2020-04-19 21:04:14,5.95,80.54,78.04,89,25,5.86,scattered clouds,0.0,0.0
Vicuna,CL,2020-04-19 21:04:15,-30.03,-70.71,60.8,87,75,12.75,broken clouds,0.0,0.0
Esil,KZ,2020-04-19 21:04:16,51.96,66.4,49.98,74,89,6.15,overcast clouds,0.0,0.0
Sorland,NO,2020-04-19 21:04:17,67.67,12.69,40.8,93,100,18.63,overcast clouds,0.0,0.0
Basco,PH,2020-04-19 21:04:18,20.45,121.97,80.15,90,92,11.3,overcast clouds,0.0,0.0
Sesheke,ZM,2020-04-19 21:04:18,-17.48,24.3,64.4,88,5,4.59,clear sky,0.0,0.0
Whitehorse,CA,2020-04-19 21:04:19,60.72,-135.05,55.4,32,75,11.41,broken clouds,0.0,0.0
Parry Sound,CA,2020-04-19 21:04:20,45.35,-80.03,35.01,78,95,3.0,light snow,0.0,0.86
Port Huron,US,2020-04-19 21:00:17,42.97,-82.42,46.4,70,75,21.92,broken clouds,0.0,0.0
Pisco,PE,2020-04-19 21:04:21,-13.7,-76.22,77.0,61,0,13.87,clear sky,0.0,0.0
Mount Darwin,ZW,2020-04-19 21:04:22,-16.77,31.58,65.35,59,92,4.9,overcast clouds,0.0,0.0
Abbeville,FR,2020-04-19 21:03:18,50.1,1.83,52.0,66,76,8.05,broken clouds,0.0,0.0
Kandrian,PG,2020-04-19 21:04:23,-6.22,149.55,81.05,80,54,3.98,light rain,0.16,0.0
Strezhevoy,RU,2020-04-19 21:04:24,60.73,77.59,39.2,100,40,4.47,mist,0.0,0.0
Kudahuvadhoo,MV,2020-04-19 21:04:24,2.67,72.89,84.63,74,43,10.22,scattered clouds,0.0,0.0
Itambacuri,BR,2020-04-19 21:02:47,-18.03,-41.69,68.97,80,50,2.71,scattered clouds,0.0,0.0
Sangar,RU,2020-04-19 21:04:26,63.92,127.47,7.16,85,19,0.38,few clouds,0.0,0.0
Faya,SA,2020-04-19 21:04:27,18.39,42.45,66.2,72,87,1.77,overcast clouds,0.0,0.0
Soyapango,SV,2020-04-19 21:04:28,13.73,-89.15,89.6,58,20,11.41,haze,0.0,0.0
Laguna,US,2020-04-19 21:00:46,38.42,-121.42,69.01,52,40,9.17,scattered clouds,0.0,0.0
Blankenberge,BE,2020-04-19 21:04:29,51.31,3.13,53.01,71,0,10.29,clear sky,0.0,0.0
Huarmey,PE,2020-04-19 21:04:30,-10.07,-78.15,77.76,61,3,9.01,clear sky,0.0,0.0
Sartell,US,2020-04-19 21:04:31,45.62,-94.21,46.99,24,1,8.05,clear sky,0.0,0.0
Bairiki,KI,2020-04-19 21:04:31,1.33,172.98,82.4,83,20,4.7,shower rain,0.0,0.0
Soyo,AO,2020-04-19 21:04:32,-6.13,12.37,80.42,82,93,3.02,overcast clouds,0.0,0.0
Chadan,RU,2020-04-19 21:04:33,51.28,91.58,39.2,46,0,1.88,clear sky,0.0,0.0
Lewiston,US,2020-04-19 21:04:35,44.1,-70.21,60.8,31,1,17.22,clear sky,0.0,0.0
Kuah,MY,2020-04-19 21:04:36,6.33,99.84,80.6,88,20,1.12,few clouds,0.0,0.0
Markova,UA,2020-04-19 21:04:36,48.68,24.41,36.14,64,70,3.24,broken clouds,0.0,0.0
Dwarka,IN,2020-04-19 21:02:45,22.24,68.97,80.51,81,8,11.56,clear sky,0.0,0.0
Aklavik,CA,2020-04-19 21:04:38,68.22,-135.01,17.6,57,90,6.93,overcast clouds,0.0,0.0
Binga,ZW,2020-04-19 21:04:39,-17.62,27.34,74.52,45,40,7.16,scattered clouds,0.0,0.0
Mogadishu,SO,2020-04-19 21:01:06,2.04,45.34,84.29,72,78,8.05,light rain,0.27,0.0
Lodja,CD,2020-04-19 21:04:40,-3.48,23.43,70.12,86,100,2.39,light rain,0.42,0.0
Antsirabe,MG,2020-04-19 21:04:40,-19.85,47.03,52.9,57,36,4.43,scattered clouds,0.0,0.0
Lapy,PL,2020-04-19 21:04:41,52.99,22.88,41.0,57,0,35.01,clear sky,0.0,0.0
Grand Island,US,2020-04-19 20:59:45,40.92,-98.34,62.6,37,1,9.17,clear sky,0.0,0.0
Katangli,RU,2020-04-19 21:04:42,51.71,143.23,32.97,91,100,3.42,overcast clouds,0.0,0.0
Ribeira Brava,PT,2020-04-19 21:04:43,32.65,-17.07,59.0,85,28,4.0,scattered clouds,0.0,0.0
Novo Aripuana,BR,2020-04-19 21:04:44,-5.12,-60.38,80.33,88,83,2.08,light rain,2.15,0.0
Saint-Michel-Des-Saints,CA,2020-04-19 21:04:44,46.68,-73.92,41.0,8,100,2.73,light rain,0.68,0.0
Ostrovnoy,RU,2020-04-19 21:04:45,68.05,39.51,28.85,96,89,8.95,overcast clouds,0.0,0.0
Karasburg,NA,2020-04-19 21:04:46,-28.02,18.75,72.81,20,13,5.53,few clouds,0.0,0.0
Padang,ID,2020-04-19 21:02:38,-0.95,100.35,78.03,77,7,3.89,light rain,0.12,0.0
Poum,NC,2020-04-19 21:04:47,-20.23,164.02,80.04,78,99,11.25,light rain,1.77,0.0
Vranjska Banja,RS,2020-04-19 21:04:47,42.55,21.99,59.0,53,95,2.21,overcast clouds,0.0,0.0
Panzhihua,CN,2020-04-19 21:04:48,26.59,101.71,61.59,35,0,2.19,clear sky,0.0,0.0
Pinheiro Machado,BR,2020-04-19 21:04:49,-31.58,-53.38,70.0,54,0,4.0,clear sky,0.0,0.0
Kolondieba,ML,2020-04-19 21:04:50,11.09,-6.89,92.8,25,51,4.81,broken clouds,0.0,0.0
Novyy Buh,UA,2020-04-19 21:04:51,47.69,32.52,46.4,36,100,4.47,overcast clouds,0.0,0.0
Veraval,IN,2020-04-19 21:04:51,20.9,70.37,80.22,57,2,11.59,clear sky,0.0,0.0
Inuvik,CA,2020-04-19 21:04:52,68.35,-133.72,17.6,57,90,6.93,overcast clouds,0.0,0.0
Kailua,US,2020-04-19 21:04:53,21.4,-157.74,82.4,54,1,9.17,clear sky,0.0,0.0
Ugoofaaru,MV,2020-04-19 21:02:05,5.67,73.0,85.95,72,0,8.52,clear sky,0.0,0.0
La Paz,BO,2020-04-19 21:04:25,-16.5,-68.15,55.4,43,75,10.29,broken clouds,0.0,0.0
